{"ai": [{"company": "\ud55c\uad6d\ud3f4\ub9ac\ud14d\ub300\ud559\ubd84\ub2f9\uc735\ud569\uae30\uc220\uad50\uc721\uc6d0", "title": "[\ucde8\uc5c5\uad50\uc721]AI\u00b7SW \uac1c\ubc1c\uc790 / \ubc14\uc774\uc624 QC \uad50\uc721 \ubaa8\uc9d1", "link": "https://www.jobkorea.co.kr/Recruit/GI_Read/44803540?Oem_Code=C1&logpath=1&stext=ai&listno=1", "require": ["\uc138\ud3ec\ubc30\uc591", " \uae30\uae30\ubd84\uc11d", " \uc758\ub8cc\ubc14\uc774\uc624", " \uac74\uac15", " \ubc14\uc774\uc624", " \uc0dd\uba85\uacf5\ud559", " \ud654\uacf5"], "time": "2024-06-24"}, {"company": "\ub300\ud55c\uc0c1\uacf5\ud68c\uc758\uc18c \uad11\uc8fc\uc778\ub825\uac1c\ubc1c\uc6d0", "title": "[K-\ub514\uc9c0\ud138/\ucde8\uc5c5\uc720\ub9dd \ucde8\uc5c5\uc5f0\uacc4]\uad6d\ube44\uae30\uc220\uad50\uc721\uc0dd\ubaa8\uc9d1(AI\uc751\uc6a9SW\uac1c\ubc1c/CAD\u00b7CAM/\uc790\ub3d9\ud654/\uc804\uae30)", "link": "https://www.jobkorea.co.kr/Recruit/GI_Read/44715984?Oem_Code=C1&logpath=1&stext=ai&listno=2", "require": ["\ub300\ud55c\uc0c1\uacf5\ud68c\uc758\uc18c \uad11\uc8fc\uc778\ub825\uac1c\ubc1c\uc6d0", " \uacf5\uacf5\uae30\uad00", " \uacf5\uae30\uc5c5", " \ud611\ud68c", " \ub370\uc774\ud130\ubd84\uc11d", " \uc11c\ubc84\uad00\ub9ac", " GUI"], "time": "\uc0c1\uc2dc\ucc44\uc6a9"}, {"company": "\ub300\ud55c\uc0c1\uacf5\ud68c\uc758\uc18c \uc11c\uc6b8\uae30\uc220\uad50\uc721\uc13c\ud130", "title": "[\uc804\uc561\uad6d\ube44,\ucde8\uc5c5\uc5f0\uacc4] \ubc18\ub3c4\uccb4\uc124\uacc4, AI SW \uad50\uc721\uc0dd\ubaa8\uc9d1", "link": "https://www.jobkorea.co.kr/Recruit/GI_Read/44572488?Oem_Code=C1&logpath=1&stext=ai&listno=3", "require": ["\uae30\ub2a5\ud559\uc6d0", " e\ub7ec\ub2dd", " IT\ud559\uc6d0", " \ubaa8\ubc14\uc77c\uc571\uac1c\ubc1c", " \uc18c\ud504\ud2b8\uc6e8\uc5b4\uac1c\ubc1c", " BigData", " \uc11c\ubc84\uad00\ub9ac"], "time": "2024-06-30"}, {"company": "\u321c\uc774\uc528\ub9c8\uc774\ub108", "title": "\ube45\ub370\uc774\ud130/AI \uc194\ub8e8\uc158 \uac1c\ubc1c\uc790 - \uacbd\ub825 \ubaa8\uc9d1", "link": "https://www.jobkorea.co.kr/Recruit/GI_Read/44932798?Oem_Code=C1&logpath=1&stext=ai&listno=4", "require": ["\ube45\ub370\uc774\ud130", " \uc194\ub8e8\uc158", " \uc778\uacf5\uc9c0\ub2a5", " \uc18c\ud504\ud2b8\uc6e8\uc5b4\uac1c\ubc1c"], "time": "2024-07-17"}, {"company": "\u321c\uc774\uc528\ub9c8\uc774\ub108", "title": "\ube45\ub370\uc774\ud130/AI \uc194\ub8e8\uc158 \uac1c\ubc1c\uc790 - \uc2e0\uc785 \ubaa8\uc9d1", "link": "https://www.jobkorea.co.kr/Recruit/GI_Read/44932789?Oem_Code=C1&logpath=1&stext=ai&listno=5", "require": ["\ube45\ub370\uc774\ud130", " \uc194\ub8e8\uc158", " \uc778\uacf5\uc9c0\ub2a5", " \uc18c\ud504\ud2b8\uc6e8\uc5b4\uac1c\ubc1c"], "time": "2024-07-17"}, {"company": "\u321c\uc774\uc528\ub9c8\uc774\ub108", "title": "\ube45\ub370\uc774\ud130/AI \ubd84\uc11d\uc804\ubb38\uac00", "link": "https://www.jobkorea.co.kr/Recruit/GI_Read/44932759?Oem_Code=C1&logpath=1&stext=ai&listno=6", "require": ["\ube45\ub370\uc774\ud130", " \uc778\uacf5\uc9c0\ub2a5", " \ubaa8\ub378\ub9c1", " CRM", " IT\ucee8\uc124\ud305"], "time": "2024-07-17"}, {"company": "\uce74\uce74\uc624\ud398\uc774", "title": "AI \uc5d4\uc9c0\ub2c8\uc5b4 - \uc120\ud589\uae30\uc220\uac1c\ubc1cTF", "link": "https://www.jobkorea.co.kr/Recruit/GI_Read/44915723?Oem_Code=C1&logpath=1&stext=ai&listno=7", "require": ["\ub525\ub7ec\ub2dd", " \uc778\uacf5\uc9c0\ub2a5", " LLM", " \ub370\uc774\ud130 \uc218\uc9d1 \uc804\ub7b5", " \ud30c\uc774\ud504\ub77c\uc778 \uad6c\ucd95"], "time": "2024-06-30"}, {"company": "\u321c\ud50c\ub798\ud2f0\uc5b4", "title": "[\ubcd1\uc5ed\ud2b9\ub840/\uc804\ubb38\uc5f0\uad6c\uc694\uc6d0] \ucd08\uac70\ub300 \uc0dd\uc131\ud615  AI \uae30\uc220 \uac1c\ubc1c", "link": "https://www.jobkorea.co.kr/Recruit/GI_Read/44757198?Oem_Code=C1&logpath=1&stext=ai&listno=8", "require": ["\ubaa8\ubc14\uc77c\uc571\uac1c\ubc1c", " \uc194\ub8e8\uc158", " \ub525\ub7ec\ub2dd", " \uc778\uacf5\uc9c0\ub2a5", " \uc790\uc5f0\uc5b4\ucc98\ub9ac(NLP)", " \uc18c\ud504\ud2b8\uc6e8\uc5b4\uac1c\ubc1c"], "time": "2024-06-30"}, {"company": "\u321c\uc5d0\uc2a4\uc5e0\uc528\uc778\ud130\ub0b4\uc154\ub110", "title": "[\ub514\uc800\ud2b839] IT\uac1c\ubc1c\ud300(AI\uac1c\ubc1c\uc790/\uc11c\ube44\uc2a4\uae30\ud68d/IOS\uac1c\ubc1c\uc790) \ucc44\uc6a9", "link": "https://www.jobkorea.co.kr/Recruit/GI_Read/44882455?Oem_Code=C1&logpath=1&stext=ai&listno=9", "require": ["AI\uac1c\ubc1c", " IOS", " \uba54\ub274\uae30\ud68d", " \uc2dd\ud488", " \uc2dd\ud488\uc5f0\uad6c", " \uc74c\uc2dd\ub8cc", " \uc810\ud3ec\uac1c\ubc1c"], "time": "2024-07-15"}, {"company": "\u321c\ud384\uc5b4\ube44\uc2a4", "title": "[\ud384\uc5b4\ube44\uc2a4] [\uc2e0\uc785/\uacbd\ub825] AI \uc5d4\uc9c0\ub2c8\uc5b4 \ubaa8\uc9d1", "link": "https://www.jobkorea.co.kr/Recruit/GI_Read/44851116?Oem_Code=C1&logpath=1&stext=ai&listno=10", "require": ["RPG", " \uc2dc\uc2a4\ud15c\ubd84\uc11d", " \uc778\uacf5\uc9c0\ub2a5", " \uac8c\uc784\uac1c\ubc1c", " \uc2dc\uc2a4\ud15c\uc124\uacc4", " \uac8c\uc784\uae30\ud68d"], "time": "2024-08-04"}, {"company": "\uc5d8\uc9c0\uc720\ud50c\ub7ec\uc2a4", "title": "2024 \uad6d\ub0b4 \uc11d/\ubc15\uc0ac \uc0b0\ud559\uc7a5\ud559\uc0dd \ubaa8\uc9d1 - AI Engineering", "link": "https://www.jobkorea.co.kr/Recruit/GI_Read/44849660?Oem_Code=C1&logpath=1&stext=ai&listno=11", "require": ["\ube45\ub370\uc774\ud130", " \uc591\uc790\uc554\ud638\ud1b5\uc2e0", " \uc74c\uc131\uc778\uc2dd", " VISION", " \ucc28\uc138\ub300 Core\uae30\uc220", " \uc778\uacf5\uc9c0\ub2a5", " \uc815\ubcf4\ud1b5\uc2e0\u00b7IT"], "time": "2024-06-20"}, {"company": "\u321c\ube44\uc544\uc774\ub9e4\ud2b8\ub9ad\uc2a4", "title": "[\ucf54\uc2a4\ub2e5\uae30\uc5c5] \uc0dd\uc131\ud615 AI \ucee8\uc124\ud134\ud2b8 \ucc44\uc6a9", "link": "https://www.jobkorea.co.kr/Recruit/GI_Read/44837437?Oem_Code=C1&logpath=1&stext=ai&listno=12", "require": ["BI", " DW", " OLAP", " SCM", " \ubaa8\ub378\ub9c1", " \ub525\ub7ec\ub2dd", " \uc790\uc5f0\uc5b4\ucc98\ub9ac(NLP)"], "time": "2024-06-30"}, {"company": "\u321c\ube44\uc544\uc774\ub9e4\ud2b8\ub9ad\uc2a4", "title": "[\ucf54\uc2a4\ub2e5\uae30\uc5c5] \uc0dd\uc131\ud615 AI \uc5d4\uc9c0\ub2c8\uc5b4 \ucc44\uc6a9", "link": "https://www.jobkorea.co.kr/Recruit/GI_Read/44837405?Oem_Code=C1&logpath=1&stext=ai&listno=13", "require": ["BI", " DW", " OLAP", " SCM", " \uc11c\ubc84\uad00\ub9ac", " SI\uac1c\ubc1c", " \ubaa8\ub378\ub9c1"], "time": "2024-06-30"}, {"company": "\u321c\uc5d0\uc784\uba54\ub4dc", "title": "AI Engineer \uc120\uc784\uc5f0\uad6c\uc6d0 \ucc44\uc6a9", "link": "https://www.jobkorea.co.kr/Recruit/GI_Read/44810931?Oem_Code=C1&logpath=1&stext=ai&listno=14", "require": ["ai engineer", " AI \uc5f0\uad6c\uac1c\ubc1c", " \ubc14\uc774\uc624", " Python", " \ud30c\uc774\uc120", " \ucc57\ubd07", " \uac74\uac15"], "time": "2024-06-30"}, {"company": "\u321c\uc778\ucf58", "title": "[\uacbd\ub825] \uc601\uc0c1 AI \uac1c\ubc1c\uc790 \ubaa8\uc9d1 (C#, C++)", "link": "https://www.jobkorea.co.kr/Recruit/GI_Read/44804763?Oem_Code=C1&logpath=1&stext=ai&listno=15", "require": ["\uc778\uacf5\uc9c0\ub2a5", " \ud558\ub4dc\uc6e8\uc5b4", " \uc720\uc9c0\ubcf4\uc218"], "time": "2024-06-29"}, {"company": "\u321c\uc2a4\ub9c8\uc77c\uac8c\uc774\ud2b8\ud640\ub529\uc2a4", "title": "[\uc2a4\ub9c8\uc77c\uac8c\uc774\ud2b8 \uc5d4\ud130\ud14c\uc778\uba3c\ud2b8] [AI\uc13c\ud130] AI \uc11c\ube44\uc2a4 \uac1c\ubc1c - \ubc31\uc5d4\ub4dc(\ub300\ub9ac\uae09)", "link": "https://www.jobkorea.co.kr/Recruit/GI_Read/44796062?Oem_Code=C1&logpath=1&stext=ai&listno=16", "require": ["AI"], "time": "2024-06-30"}, {"company": "\u321c\uc2a4\ub9c8\uc77c\uac8c\uc774\ud2b8\ud640\ub529\uc2a4", "title": "[\uc2a4\ub9c8\uc77c\uac8c\uc774\ud2b8 \uc5d4\ud130\ud14c\uc778\uba3c\ud2b8] [AI\uc13c\ud130] AI \uc11c\ube44\uc2a4 \uac1c\ubc1c - \ubc31\uc5d4\ub4dc(\uacfc\uc7a5\uae09)", "link": "https://www.jobkorea.co.kr/Recruit/GI_Read/44795999?Oem_Code=C1&logpath=1&stext=ai&listno=17", "require": ["AI", " \uac00\uc0c1\ud604\uc2e4"], "time": "2024-06-30"}, {"company": "\u321c\uc2a4\ub9c8\uc77c\uac8c\uc774\ud2b8\ud640\ub529\uc2a4", "title": "[\uc2a4\ub9c8\uc77c\uac8c\uc774\ud2b8 \uc5d4\ud130\ud14c\uc778\uba3c\ud2b8] [AI\uc13c\ud130] AI \uc11c\ube44\uc2a4 \uac1c\ubc1c - \ud504\ub860\ud2b8\uc5d4\ub4dc", "link": "https://www.jobkorea.co.kr/Recruit/GI_Read/44795955?Oem_Code=C1&logpath=1&stext=ai&listno=18", "require": ["AI", " \uac00\uc0c1\ud604\uc2e4"], "time": "2024-06-30"}, {"company": "\u321c\ub125\uc2a8", "title": "[\ub099\uc6d0: LAST PARADISE] AI \uae30\ud68d\uc790", "link": "https://www.jobkorea.co.kr/Recruit/GI_Read/44787023?Oem_Code=C1&logpath=1&stext=ai&listno=19", "require": ["\uc778\uacf5\uc9c0\ub2a5"], "time": "\uc0c1\uc2dc\ucc44\uc6a9"}, {"company": "\ucf54\uc544\ud14d\u321c", "title": "\uc778\uacf5\uc9c0\ub2a5 \uc2e4\ubb34\uc5c5\ubb34 \uacbd\ub825\uc790(IT\uac1c\ubc1c, AI,  \uc804\uae30\uc804\uc790)", "link": "https://www.jobkorea.co.kr/Recruit/GI_Read/44778167?Oem_Code=C1&logpath=1&stext=ai&listno=20", "require": ["\ud654\ud559", " \uc778\uacf5\uc9c0\ub2a5", " \uc804\uae30\uc804\uc790"], "time": "2024-07-26"}]}