{"\ud504\ub860\ud2b8\uc5d4\ub4dc \uac1c\ubc1c\uc790": {"\uc6f9": 18, "\uac1c\ubc1c": 14, "\ubc18\uc751": 9, "\ud615": 9, "\uc778\ud130\ud398\uc774\uc2a4": 8, "\uad00\ub9ac": 8, "\ub514\uc790\uc778": 7, "\uc18c\ud504\ud2b8\uc6e8\uc5b4": 6, "\uae30\ud68d": 6, "\uac8c\uc784": 4}, "\uc6f9 \uac1c\ubc1c\uc790": {"\ub514\uc790\uc778": 12, "\uac8c\uc784": 10, "\uc6f9": 9, "\uac1c\ubc1c": 8, "\uae30\ud68d": 7, "\uad00\ub9ac": 6, "\ubaa8\ubc14\uc77c": 6, "\uc11c\ubc84": 5, "\uc18c\ud504\ud2b8\uc6e8\uc5b4": 5, "\uc194\ub8e8\uc158": 4}, "\uc11c\ubc84 \uac1c\ubc1c\uc790": {"\uc11c\ubc84": 15, "\uc2dc\uc2a4\ud15c": 13, "\uac1c\ubc1c": 12, "\uac8c\uc784": 11, "\uad00\ub9ac": 10, "\uc124\uacc4": 7, "\ubaa8\ubc14\uc77c": 6, "\uc6b4\uc601": 6, "\uad6c\ucd95": 5, "\uc18c\ud504\ud2b8\uc6e8\uc5b4": 4}, "\uc11c\ube44\uc2a4 \uae30\ud68d\uc790": {"\uae30\ud68d": 65, "\uc11c\ube44\uc2a4": 16, "\ubd84\uc11d": 16, "\ucf58\ud150\uce20": 16, "\ub370\uc774\ud130": 12, "\uad00\ub9ac": 10, "\uc2dc\uc7a5": 7, "\ubaa8\ubc14\uc77c": 7, "\uc0c1\ud488": 6, "\uc601\uc5c5": 5}, "\uac1c\ubc1c\uc790": {"\uad00\ub9ac": 48, "\uac1c\ubc1c": 46, "\uc2dc\uc2a4\ud15c": 42, "\uc11c\ubc84": 32, "\uc6f9": 27, "\ubd84\uc11d": 25, "\ud074\ub77c\uc6b0\ub4dc": 24, "\ub124\ud2b8\uc6cc\ud06c": 23, "\ud074\ub77c\uc774\uc5b8\ud2b8": 21, "\ub370\uc774\ud130": 21}}